<?xml version="1.0" encoding="UTF-8"?><?xml-stylesheet type='text/xsl' href='_UpgradeReport_Files/UpgradeReport.xslt'?><UpgradeLog>
<Properties><Property Name="Solution" Value="lk.ac.mrt.cse.pc09">
</Property><Property Name="Solution File" Value="F:\Flash Collection\Flash Junk\Flash 2009 06 24\dummy host\lk.ac.mrt.cse.pc09\lk.ac.mrt.cse.pc09.sln">
</Property><Property Name="Date" Value="Saturday, June 27, 2009">
</Property><Property Name="Time" Value="11:53:38 AM">
</Property></Properties><Event ErrorLevel="0" Project="lk.ac.mrt.cse.pc09" Source="lk.ac.mrt.cse.pc09.csproj" Description="Project file successfully backed up as F:\Flash Collection\Flash Junk\Flash 2009 06 24\dummy host\lk.ac.mrt.cse.pc09\Backup\lk.ac.mrt.cse.pc09.csproj">
</Event><Event ErrorLevel="0" Project="lk.ac.mrt.cse.pc09" Source="lk.ac.mrt.cse.pc09.csproj.user" Description="Project user file successfully backed up as F:\Flash Collection\Flash Junk\Flash 2009 06 24\dummy host\lk.ac.mrt.cse.pc09\Backup\lk.ac.mrt.cse.pc09.csproj.user">
</Event><Event ErrorLevel="0" Project="lk.ac.mrt.cse.pc09" Source="bean\Contestant.cs" Description="File successfully backed up as F:\Flash Collection\Flash Junk\Flash 2009 06 24\dummy host\lk.ac.mrt.cse.pc09\Backup\bean\Contestant.cs">
</Event><Event ErrorLevel="0" Project="lk.ac.mrt.cse.pc09" Source="bean\DataObject.cs" Description="File successfully backed up as F:\Flash Collection\Flash Junk\Flash 2009 06 24\dummy host\lk.ac.mrt.cse.pc09\Backup\bean\DataObject.cs">
</Event><Event ErrorLevel="0" Project="lk.ac.mrt.cse.pc09" Source="bean\Treasure.cs" Description="File successfully backed up as F:\Flash Collection\Flash Junk\Flash 2009 06 24\dummy host\lk.ac.mrt.cse.pc09\Backup\bean\Treasure.cs">
</Event><Event ErrorLevel="0" Project="lk.ac.mrt.cse.pc09" Source="GameEngine.cs" Description="File successfully backed up as F:\Flash Collection\Flash Junk\Flash 2009 06 24\dummy host\lk.ac.mrt.cse.pc09\Backup\GameEngine.cs">
</Event><Event ErrorLevel="0" Project="lk.ac.mrt.cse.pc09" Source="GameManager.cs" Description="File successfully backed up as F:\Flash Collection\Flash Junk\Flash 2009 06 24\dummy host\lk.ac.mrt.cse.pc09\Backup\GameManager.cs">
</Event><Event ErrorLevel="0" Project="lk.ac.mrt.cse.pc09" Source="Program.cs" Description="File successfully backed up as F:\Flash Collection\Flash Junk\Flash 2009 06 24\dummy host\lk.ac.mrt.cse.pc09\Backup\Program.cs">
</Event><Event ErrorLevel="0" Project="lk.ac.mrt.cse.pc09" Source="Properties\AssemblyInfo.cs" Description="File successfully backed up as F:\Flash Collection\Flash Junk\Flash 2009 06 24\dummy host\lk.ac.mrt.cse.pc09\Backup\Properties\AssemblyInfo.cs">
</Event><Event ErrorLevel="0" Project="lk.ac.mrt.cse.pc09" Source="util\Communicator.cs" Description="File successfully backed up as F:\Flash Collection\Flash Junk\Flash 2009 06 24\dummy host\lk.ac.mrt.cse.pc09\Backup\util\Communicator.cs">
</Event><Event ErrorLevel="0" Project="lk.ac.mrt.cse.pc09" Source="util\Constant.cs" Description="File successfully backed up as F:\Flash Collection\Flash Junk\Flash 2009 06 24\dummy host\lk.ac.mrt.cse.pc09\Backup\util\Constant.cs">
</Event><Event ErrorLevel="0" Project="lk.ac.mrt.cse.pc09" Source="App.config" Description="File successfully backed up as F:\Flash Collection\Flash Junk\Flash 2009 06 24\dummy host\lk.ac.mrt.cse.pc09\Backup\App.config">
</Event><Event ErrorLevel="0" Project="lk.ac.mrt.cse.pc09" Source="util\map.in" Description="File successfully backed up as F:\Flash Collection\Flash Junk\Flash 2009 06 24\dummy host\lk.ac.mrt.cse.pc09\Backup\util\map.in">
</Event><Event ErrorLevel="0" Project="lk.ac.mrt.cse.pc09" Source="nuts.ico" Description="File successfully backed up as F:\Flash Collection\Flash Junk\Flash 2009 06 24\dummy host\lk.ac.mrt.cse.pc09\Backup\nuts.ico">
</Event><Event ErrorLevel="0" Project="lk.ac.mrt.cse.pc09" Source="lk.ac.mrt.cse.pc09.csproj" Description="Project converted successfully">
</Event><Event ErrorLevel="3" Project="lk.ac.mrt.cse.pc09" Source="lk.ac.mrt.cse.pc09.csproj" Description="Converted">
</Event><Event ErrorLevel="0" Project="lk.ac.mrt.cse.pc09" Source="lk.ac.mrt.cse.pc09.csproj" Description="Scan complete: Upgrade not required for project files.">
</Event></UpgradeLog>